---
title: mysql å¹»è¯»å®éªŒ
date: 2018-08-08 20:24:11
tags: [mysql]
categories: mysql
---

# å¯åŠ¨ä¸€ä¸ªmysql

ç”¨dockerå¾ˆå®¹æ˜“å°±èµ·ä¸€ä¸ªmysqlçš„ç¯å¢ƒäº†ï¼Œæˆ‘çš„[github repo docker-code](https://github.com/ejunjsh/docker-code),æœ‰ä¾‹å­

````bash
cd mysql
sudo docker-compose up
````
<!-- more -->

# ç™»é™†mysql

ç”¨ä¸‹é¢å‘½ä»¤å¯ä»¥ç¡®è®¤mysqlæ‰€åœ¨çš„å®¹å™¨ï¼Œåœ¨æˆ‘æœºå­æ˜¯`mysql_db_1`
````bash
sudo docker ps
[sudo] password for sky:
CONTAINER ID        IMAGE               COMMAND                  CREATED             STATUS              PORTS                    NAMES
c7f451f632c0        adminer             "entrypoint.sh doc..."   2 weeks ago         Up 2 minutes        0.0.0.0:8080->8080/tcp   mysql_adminer_1
e2645139c23b        mysql               "docker-entrypoint..."   2 weeks ago         Up 2 minutes        3306/tcp                 mysql_db_1
````

è¿›å…¥å®¹å™¨

````bash
sudo docker exec -it mysql_db_1 bash
mysql -p
````
å¯†ç é»˜è®¤æ˜¯`example`

# åˆ›å»ºæµ‹è¯•æ•°æ®åº“å’Œè¡¨

````sql
mysql> create database test;
mysql> use test;
mysql> DROP TABLE IF EXISTS `tx`;
mysql> CREATE TABLE `tx` (
  `id` int(11) NOT NULL AUTO_INCREMENT,
  `num` int(11) NOT NULL,
  PRIMARY KEY (`id`)
) ENGINE=InnoDB DEFAULT CHARSET=utf8mb4 COLLATE=utf8mb4_0900_ai_ci;
````

# å¼€å§‹å®éªŒ

mysqlçš„é»˜è®¤éš”ç¦»çº§åˆ«ä¸º`å¯é‡å¤è¯»`ï¼Œæ‰€ä»¥æ˜¯ä¼šå‡ºç°`å¹»è¯»`çš„æƒ…å†µçš„ã€‚

è¿˜æ˜¯éªŒè¯ä¸‹

````sql
mysql> SELECT @@transaction_isolation;
+-------------------------+
| @@transaction_isolation |
+-------------------------+
| REPEATABLE-READ         |
+-------------------------+
1 row in set (0.01 sec)
````

ä»¥å‰æ˜¯`SELECT @@tx_isolation;`,æ–°ç‰ˆæœ¬è¦ç”¨`SELECT @@transaction_isolation;`

æ¥ä¸‹æ¥æ’å…¥ä¸€æ¡æ•°æ®
````sql
mysql> insert into tx (num) values(100);
````

ç„¶åå¼€å¯äº‹åŠ¡
````sql
mysql> start transaction;
````

æ›´æ–°è¿™æ¡è®°å½•

````sql
mysql> update tx set num=200 where num=100;
Rows matched: 1  Changed: 1  Warnings: 0
````

ç•™æ„ä¸Šé¢çš„`matched`æ˜¯1çš„ã€‚

å…ˆä¸æäº¤è¿™ä¸ªäº‹åŠ¡ï¼Œå¼€å¦å¤–ä¸ªç»ˆç«¯æŒ‰ç…§ä¸Šé¢çš„æ–¹æ³•å†æ‰“å¼€ä¸ªmysql,ä¹‹åä¹Ÿå¼€ä¸€ä¸ªäº‹åŠ¡

````bash
mysql> use test;
mysql> start transaction;
mysql> select * from tx;
+----+-----+
| id | num |
+----+-----+
|  1 | 100 |
+----+-----+
1 row in set (0.00 sec)
````

ç”±äºéš”ç¦»çº§åˆ«ï¼Œæ‰€ä»¥çœ‹ä¸åˆ°å¯¹æ–¹æ›´æ–°çš„

ç„¶åå›åˆ°ç¬¬ä¸€ä¸ªç»ˆç«¯,æäº¤äº‹åŠ¡

````sql
mysql> commit;
````

å†å›åˆ°ç¬¬äºŒç»ˆç«¯ï¼Œ

````sql
mysql> select * from tx;
+----+-----+
| id | num |
+----+-----+
|  1 | 100 |
+----+-----+
1 row in set (0.00 sec)
````

è¿˜æ˜¯å› ä¸ºéš”ç¦»çº§åˆ«ï¼Œè¿˜æ˜¯çœ‹ä¸åˆ°å¯¹æ–¹æ›´æ–°çš„ã€‚

æ¥ä¸‹æ¥ï¼Œé‡å¤´æˆæ¥äº†ï¼Œå°è¯•åœ¨ç¬¬äºŒä¸ªç»ˆç«¯ä¸Šæ‰§è¡Œ

````sql
mysql> update tx set num=300 where num=100;
Query OK, 0 rows affected (0.00 sec)
Rows matched: 0  Changed: 0  Warnings: 0

mysql> select * from tx;
+----+-----+
| id | num |
+----+-----+
|  1 | 100 |
+----+-----+
1 row in set (0.00 sec)
````

å±…ç„¶æ›´æ–°ä¸äº†ï¼Œç„¶åå°±`å¹»è¯»`äº†ã€‚è¿™ä¸ªå¾ˆå®¹æ˜“ç†è§£ï¼Œåœ¨ç¬¬äºŒä¸ªç»ˆç«¯çš„äº‹åŠ¡é‡Œï¼Œçœ‹åˆ°éƒ½æ˜¯å®ƒå¯åŠ¨äº‹åŠ¡é‚£ä¸€åˆ»çš„å¿«ç…§`snapshot`,æ‰€ä»¥çœ‹ä¸åˆ°å…¶ä»–äº‹åŠ¡çš„ä¸œè¥¿ï¼Œå¯æ˜¯ä¸€æ—¦æ›´æ–°çš„æ—¶å€™ï¼Œå°±ä¼šå› ä¸ºåˆ«äººäº‹åŠ¡æ”¹å˜äº†åŸæ¥çš„å€¼ï¼Œè‡ªå·±æ²¡åŠæ³•å†æ›´æ–°å®ƒä»¥ä¸ºçš„é‚£ä¸ªå€¼äº†ï¼Œæ‰€ä»¥è¿™ç§ä»¥ä¸ºå°±ç§°ä¸ºäº†`å¹»è§‰(phantom)`ï¼Œä¿—ç§°`å¹»è¯»`ã€‚

é‚£å‡å¦‚ä¸Šé¢æˆ‘ä¸æŒ‡å®šæ¡ä»¶å‘¢ 

````sql
mysql> update tx set num=300;
Query OK, 1 row affected (0.00 sec)
Rows matched: 1  Changed: 1  Warnings: 0
````

æ˜¯å¯ä»¥æ›´æ–°çš„ï¼Œå› ä¸ºè¿™æ˜¯å…¨è¡¨æ›´æ–°ï¼Œæ‰€ä»¥æ²¡é—®é¢˜ã€‚

````sql
mysql> commit;
````
æäº¤ä¸‹ï¼Œæ–¹ä¾¿ä¸‹é¢ç»§ç»­åšå®éªŒ

è™½è¯´è¿™ä¸ª`å¹»è¯»`æ˜¯é—®é¢˜ï¼Œä½†æ˜¯å®ƒä¹Ÿæ˜¯äººä»¬ç”¨æ¥åšæ•°æ®åº“`CAS`çš„ä¿è¯å§ã€‚

# æ•°æ®åº“`CAS`

æˆ‘ä»¬åœ¨ä¸Šé¢çš„è¡¨åŸºç¡€ä¸Šå†åŠ ä¸€åˆ—`version`

````sql
mysql> alter table tx add column version int null;
Query OK, 0 rows affected (0.16 sec)
Records: 0  Duplicates: 0  Warnings: 0

mysql> select * from tx;
+----+-----+---------+
| id | num | version |
+----+-----+---------+
|  1 | 300 |    NULL |
+----+-----+---------+
1 row in set (0.00 sec)
````

è®¾ç½®ä¸ªåˆå§‹å€¼

````sql
mysql> update tx set version =0;
Query OK, 1 row affected (0.02 sec)
Rows matched: 1  Changed: 1  Warnings: 0

mysql> select * from tx;
+----+-----+---------+
| id | num | version |
+----+-----+---------+
|  1 | 300 |       0 |
+----+-----+---------+
1 row in set (0.00 sec)
````

ç„¶åç”¨javaè·‘ä¸ªå¹¶å‘æ‰£`num`çš„ç¨‹åº

````java
package com.sky.code.mysql;

import java.sql.*;
import java.util.concurrent.atomic.AtomicInteger;

public class DbCas {

    // JDBC é©±åŠ¨ååŠæ•°æ®åº“ URL
    static final String JDBC_DRIVER = "com.mysql.cj.jdbc.Driver";
    static final String DB_URL = "jdbc:mysql://192.168.5.129:3306/test";//è¿™é‡Œçš„ipæ˜¯ä½ dockerçš„hostçš„ip

    // æ•°æ®åº“çš„ç”¨æˆ·åä¸å¯†ç ï¼Œéœ€è¦æ ¹æ®è‡ªå·±çš„è®¾ç½®
    static final String USER = "root";
    static final String PASS = "example";

    static AtomicInteger counter=new AtomicInteger(0);

    public static void consumer(){
        try {
            Connection conn = DriverManager.getConnection(DB_URL,USER,PASS);
            conn.setAutoCommit(false);

            Statement statement=conn.createStatement();


            while (true){

                String sql="select version from tx where id=1 and num<>0";
                ResultSet rs=statement.executeQuery(sql);

                if (rs.next()) {
                    int version = rs.getInt("version");

                    rs.close();

                    sql="update tx set num=num-1,version=version+1 where id=1 and version=" + version;

                    int record = statement.executeUpdate(sql);

                    if (record == 1) {
                        counter.getAndIncrement();
                    }

                    conn.commit();
                }
                else {
                    break;
                }
            }

            statement.close();
            conn.close();
        } catch (SQLException e) {
            e.printStackTrace();
        }
    }

    public static void main(String[] args){
        try {
            Class.forName(JDBC_DRIVER);

            Thread[] threads=new Thread[10];

            for(int i=0;i<10;i++){
                Thread thread=new Thread(() -> consumer());
                thread.start();
                threads[i]=thread;
            }

            for(int i=0;i<10;i++){
                try {
                    threads[i].join();
                } catch (InterruptedException e) {
                    e.printStackTrace();
                }
            }

            System.out.printf("finally update %d records",counter.get());

        } catch (ClassNotFoundException e) {
            e.printStackTrace();
        }
    }
}
````

è¿è¡Œç»“æœä¸º

````bash
finally update 300 records
````

æ•°æ®åº“æ•°æ®

````sql
mysql> select * from tx;
+----+-----+---------+
| id | num | version |
+----+-----+---------+
|  1 |   0 |     300 |
+----+-----+---------+
1 row in set (0.00 sec)
````

ä½ ä¼šå‘ç°ï¼Œåªæœ‰300ä¸ªæˆåŠŸæ›´æ–°çš„è®°å½•,æ•°æ®åº“çš„è®°å½•ä¹Ÿæ²¡æœ‰è¶…æ‰£ã€‚

æ‰€ä»¥åˆ©ç”¨è¿™ä¸ªï¼Œå¯ä»¥ä¸ç”¨`select for update `ç­‰é”çš„æ“ä½œã€‚

# å†è¯•ä¸‹é”

æ¥ä¸‹æ¥è¯•è¯•é”å§

ç¬¬ä¸€ä¸ªäº‹åŠ¡æ‰§è¡Œ

````sql
mysql> start transaction;
Query OK, 0 rows affected (0.00 sec)

mysql> select * from tx;
+----+-----+---------+
| id | num | version |
+----+-----+---------+
|  1 | 300 |       1 |
+----+-----+---------+
1 row in set (0.00 sec)

mysql> update tx set num =400 where version=1;
Query OK, 1 row affected (0.00 sec)
Rows matched: 1  Changed: 1  Warnings: 0
````

è¿™é‡Œæ²¡æœ‰æäº¤äº‹åŠ¡

ç„¶åç¬¬äºŒä¸ªç»ˆç«¯ï¼Œç›´æ¥è¿è¡Œä¸‹é¢å‘½ä»¤

````sql
mysql> update tx set num =400 where version=1;

````
ä½ ä¼šå‘ç°å¡åœ¨é‚£é‡Œï¼Œè¿‡ä¸€ä¼šå°±ä¼šå“åº”

````
ERROR 1205 (HY000): Lock wait timeout exceeded; try restarting transaction
````

æ‰€ä»¥è¿™é‡Œä½ å°±çœ‹åˆ°æ˜¯æœ‰é”äº†ï¼Œæ˜¯ä¸æ˜¯å¾ˆç¥å¥‡å‘¢ï¼Œå…¶å®éš”ç¦»çº§åˆ«å°±æ˜¯é é”æ¥å®ç°çš„

# æ€»ç»“

ä¸Šé¢åˆ—å­å’Œä»£ç å¯ä»¥å¾ˆå¥½çš„è¯´æ˜äº†ï¼Œæ•°æ®åº“ä¼šåœ¨é€‚å½“çš„æ—¶å€™åŠ é”ï¼Œä¿è¯æ•°æ®ä¸ä¼šæœ‰é—®é¢˜ï¼Œå½“ç„¶å‰ææ˜¯éš”ç¦»çº§åˆ«è®¾ç½®å¤Ÿé«˜ï¼Œmysqlé»˜è®¤æ˜¯å¯é‡å¤è¯»ï¼Œæ‰€ä»¥è¶³å¤Ÿä¿è¯äº†ï¼Œè¿˜æœ‰ä¸Šé¢ä¾‹å­å¯ä»¥ç”¨æ¥åšæ‰£åº“å­˜çš„ä»£ç å“¦ğŸ˜„ï¼Œjavaä»£ç å¯ä»¥åœ¨[è¿™é‡Œ](https://github.com/ejunjsh/java-code/blob/master/basic/src/main/java/com/sky/code/mysql/DbCas.java)æ‹¿åˆ°ã€‚
